,POI,Do_Rejon,Czas_PrT,Czas_PuT
2,1.0,1.0,260.1377127080714,1141.8086310499175
3,2.0,1.0,243.20425262056182,1400.3588284493107
4,3.0,1.0,534.9985953716359,2315.0129559823813
5,4.0,1.0,258.94455130598124,1186.423645482149
6,5.0,1.0,415.11442844299745,1816.2775079101673
7,6.0,1.0,495.32175925294496,1761.982733402977
8,7.0,1.0,484.1114694486613,999999.0
9,8.0,1.0,220.48028601393665,1399.2811076312614
10,9.0,1.0,189.25335021646728,1218.8007984297124
11,10.0,1.0,191.36171987894554,1398.9163099754464
12,11.0,1.0,127.75966502518851,717.2027585098357
13,12.0,1.0,231.44170494318385,689.2255730479889
14,13.0,1.0,239.0195474464137,1335.3711125838477
15,14.0,1.0,229.09626377879147,1580.703224668189
16,15.0,1.0,78.115443779467,717.2233407448831
17,16.0,1.0,206.28196865303156,782.7592826656265
18,17.0,1.0,226.62816868096527,1442.119104734116
19,18.0,1.0,279.7822005799154,1291.5101937974814
20,19.0,1.0,297.98881448035786,1142.437656418542
21,20.0,1.0,318.4454029385667,1870.2415091460998
22,21.0,1.0,222.20021091806544,919.000986624864
23,22.0,1.0,217.30444332673702,955.9603323281669
24,23.0,1.0,408.15841269726116,1986.5731265868008
25,24.0,1.0,471.63673479173497,2015.5463330659227
26,25.0,1.0,412.16691824339233,2209.2750912934
27,26.0,1.0,446.79322681703684,1887.2869448814138
28,27.0,1.0,412.2939649729981,1752.4557138380662
29,28.0,1.0,447.64625188720777,1604.7960579004687
30,29.0,1.0,459.2196717028066,999999.0
31,30.0,1.0,330.78131697754304,1886.197138897579
32,31.0,1.0,303.4701915055447,1925.109765290544
33,32.0,1.0,284.7743494591225,1781.724230923236
34,1.0,2.0,394.6810003374768,1079.8086310499175
35,2.0,2.0,125.75455879881275,545.3588284493107
36,3.0,2.0,374.5193606586587,1257.0129559823815
37,4.0,2.0,478.61384899877237,1421.423645482149
38,5.0,2.0,224.38223245822581,884.2775079101673
39,6.0,2.0,629.8650468823503,2347.982733402977
40,7.0,2.0,672.5682468104159,999999.0
41,8.0,2.0,190.18659930655087,834.2811076312614
42,9.0,2.0,210.50901384617129,548.8007984297124
43,10.0,2.0,246.5268327813416,728.9163099754466
44,11.0,2.0,289.93958340331926,1178.2027585098358
45,12.0,2.0,286.60681784557994,1150.2255730479887
46,13.0,2.0,164.79529213672058,679.3711125838477
47,14.0,2.0,198.42522121675066,529.703224668189
48,15.0,2.0,307.1552950195981,1178.223340744883
49,16.0,2.0,402.05253165324706,1017.7592826656265
50,17.0,2.0,170.07541629048842,786.119104734116
51,18.0,2.0,77.57512849100365,436.51019379748146
52,19.0,2.0,84.15250738962477,287.4376564185419
53,20.0,2.0,168.08798504244507,1015.2415091460997
54,21.0,2.0,404.3978021760648,1829.000986624864
55,22.0,2.0,425.42284213098594,1190.960332328167
56,23.0,2.0,217.4262167124895,924.5731265868009
57,24.0,2.0,280.9045388069634,1083.5463330659227
58,25.0,2.0,221.4347222586207,1277.2750912933998
59,26.0,2.0,223.2569671149471,955.2869448814138
60,27.0,2.0,174.80722338197666,820.4557138380662
61,28.0,2.0,204.8433450868588,672.7960579004687
62,29.0,2.0,305.9247960712264,999999.0
63,30.0,2.0,310.05148814490576,828.1971388975788
64,31.0,2.0,282.7403626729074,867.1097652905439
65,32.0,2.0,264.0445206264852,723.724230923236
66,1.0,3.0,376.6810003374768,1079.8086310499175
67,2.0,3.0,176.34801416395425,644.3588284493107
68,3.0,3.0,323.8600076691181,1193.0129559823815
69,4.0,3.0,470.19258829528815,1421.423645482149
70,5.0,3.0,226.64154778206347,1060.2775079101673
71,6.0,3.0,611.8650468823503,2347.982733402977
72,7.0,3.0,664.1469861069315,999999.0
73,8.0,3.0,230.13956020552428,834.2811076312614
74,9.0,3.0,192.50901384617129,548.8007984297124
75,10.0,3.0,228.5268327813416,728.9163099754466
76,11.0,3.0,271.93958340331926,1178.2027585098358
77,12.0,3.0,268.60681784557994,1150.2255730479887
78,13.0,3.0,146.79529213672058,615.3711125838477
79,14.0,3.0,180.42522121675066,529.703224668189
80,15.0,3.0,298.734034316114,1178.223340744883
81,16.0,3.0,384.05253165324706,1017.7592826656265
82,17.0,3.0,151.2266461105451,722.119104734116
83,18.0,3.0,128.16858385614512,535.5101937974814
84,19.0,3.0,170.17235403124494,386.4376564185419
85,20.0,3.0,254.10783168406522,1114.2415091460998
86,21.0,3.0,386.3978021760648,1829.000986624864
87,22.0,3.0,407.42284213098594,1190.960332328167
88,23.0,3.0,205.23725146875472,641.5731265868009
89,24.0,3.0,283.16385413080104,1259.5463330659227
90,25.0,3.0,223.69403758245835,1453.2750912933998
91,26.0,3.0,258.32034615610297,1131.2869448814138
92,27.0,3.0,223.8210843120642,996.4557138380662
93,28.0,3.0,259.17337122627384,848.7960579004687
94,29.0,3.0,293.7358308274916,999999.0
95,30.0,3.0,292.05148814490576,764.1971388975788
96,31.0,3.0,264.7403626729074,803.1097652905439
97,32.0,3.0,246.04452062648522,659.724230923236
98,1.0,4.0,407.07600167925744,1362.8086310499175
99,2.0,4.0,236.01433889005386,927.3588284493107
100,3.0,4.0,238.42213478337646,1193.0129559823815
101,4.0,4.0,510.1295190977967,1704.423645482149
102,5.0,4.0,274.43397593571393,1282.2775079101673
103,6.0,4.0,642.260048224131,2630.982733402977
104,7.0,4.0,723.8133108330312,999999.0
105,8.0,4.0,289.80588493162395,1117.2811076312614
106,9.0,4.0,222.90401518795193,668.8007984297124
107,10.0,4.0,258.9218341231222,848.9163099754466
108,11.0,4.0,302.3345847450999,1461.2027585098358
109,12.0,4.0,299.0018191873605,1433.2255730479887
110,13.0,4.0,177.1902934785012,904.3711125838477
111,14.0,4.0,240.0915459428503,649.703224668189
112,15.0,4.0,361.01579850452447,1461.223340744883
113,16.0,4.0,414.4475329950277,1300.7592826656264
114,17.0,4.0,156.87500361191513,1011.119104734116
115,18.0,4.0,187.83490858224476,818.5101937974814
116,19.0,4.0,229.83867875734455,669.4376564185419
117,20.0,4.0,307.8797551578756,1397.2415091460998
118,21.0,4.0,416.7928035178454,2112.0009866248643
119,22.0,4.0,437.8178434727666,1473.960332328167
120,23.0,4.0,126.23888187098957,641.5731265868009
121,24.0,4.0,279.68642315760786,1481.5463330659227
122,25.0,4.0,271.4864657361088,1675.2750912933998
123,26.0,4.0,306.1127743097534,1353.2869448814138
124,27.0,4.0,271.6135124657146,1218.4557138380662
125,28.0,4.0,306.9657993799243,1070.7960579004687
126,29.0,4.0,219.28927718079507,999999.0
127,30.0,4.0,322.44648948668635,764.1971388975788
128,31.0,4.0,295.135364014688,803.1097652905439
129,32.0,4.0,276.4395219682658,659.724230923236
130,1.0,5.0,525.3438987201584,1871.8086310499175
131,2.0,5.0,231.70192333015873,1642.3588284493107
132,3.0,5.0,459.15621029727487,2695.0129559823813
133,4.0,5.0,568.7792639823725,2213.423645482149
134,5.0,5.0,165.63781109176858,981.2775079101673
135,6.0,5.0,760.527945265032,3139.982733402977
136,7.0,5.0,762.733661794016,999999.0
137,8.0,5.0,280.35201429015103,1626.2811076312614
138,9.0,5.0,341.17191222885293,1340.8007984297124
139,10.0,5.0,377.1897311640233,1520.9163099754464
140,11.0,5.0,420.60248178600096,1970.2027585098358
141,12.0,5.0,417.26971622826164,1942.2255730479887
142,13.0,5.0,295.45819051940225,1880.3711125838477
143,14.0,5.0,329.08811959943233,1410.703224668189
144,15.0,5.0,397.3207100031983,1970.223340744883
145,16.0,5.0,532.7154300359288,1809.7592826656264
146,17.0,5.0,300.7383146731701,1987.119104734116
147,18.0,5.0,247.28828000867037,1533.5101937974814
148,19.0,5.0,174.31792237322492,1384.437656418542
149,20.0,5.0,242.45432479089158,1804.2415091460998
150,21.0,5.0,535.0607005587465,2621.0009866248643
151,22.0,5.0,556.0857405136676,1982.960332328167
152,23.0,5.0,302.06306635110565,1655.5731265868008
153,24.0,5.0,285.13760756512846,1180.5463330659227
154,25.0,5.0,145.23283471751864,1183.2750912933998
155,26.0,5.0,69.4166639159163,861.2869448814138
156,27.0,5.0,63.101324852302156,726.4557138380662
157,28.0,5.0,136.35434699874926,578.7960579004687
158,29.0,5.0,319.07031992762603,999999.0
159,30.0,5.0,440.71438652758746,2266.197138897579
160,31.0,5.0,413.4032610555891,2305.109765290544
161,32.0,5.0,394.7074190091669,2161.724230923236
162,1.0,6.0,326.9524956206063,2233.8086310499175
163,2.0,6.0,285.1488154815317,1898.3588284493107
164,3.0,6.0,447.1272442177083,563.0129559823815
165,4.0,6.0,430.0060130391455,2481.423645482149
166,5.0,6.0,372.3016130368046,2314.2775079101675
167,6.0,6.0,562.1365421654798,3150.982733402977
168,7.0,6.0,655.1729311818256,999999.0
169,8.0,6.0,279.5510001090246,1894.2811076312614
170,9.0,6.0,173.93326712917676,940.8007984297124
171,10.0,6.0,209.951086064347,1120.9163099754464
172,11.0,6.0,253.36383668632473,2165.202758509836
173,12.0,6.0,250.03107112858538,2137.2255730479887
174,13.0,6.0,151.14819629248615,346.3711125838477
175,14.0,6.0,229.836661120251,942.703224668189
176,15.0,6.0,280.8922924458734,2165.223340744883
177,16.0,6.0,334.3240269363766,2077.7592826656264
178,17.0,6.0,138.16983513145752,453.11910473411604
179,18.0,6.0,236.96938517372257,1789.5101937974814
180,19.0,6.0,312.6505043176343,1640.437656418542
181,20.0,6.0,396.58598197045455,2368.2415091461
182,21.0,6.0,336.6692974591943,2308.0009866248643
183,22.0,6.0,357.69433741411547,2250.9603323281667
184,23.0,6.0,334.94399130532145,913.5731265868009
185,24.0,6.0,428.8239193855422,2513.5463330659227
186,25.0,6.0,369.3541028371995,2707.2750912934
187,26.0,6.0,403.9804114108441,2385.2869448814135
188,27.0,6.0,369.48114956680536,2250.455713838066
189,28.0,6.0,404.833436481015,2102.7960579004684
190,29.0,6.0,300.63218945894096,999999.0
191,30.0,6.0,144.6680120497212,403.19713889757884
192,31.0,6.0,129.08029741816625,531.1097652905439
193,32.0,6.0,160.30537504001046,387.72423092323595
194,1.0,7.0,323.15467221647873,930.8086310499175
195,2.0,7.0,447.89300474385516,1545.3588284493107
196,3.0,7.0,609.8714334800318,2843.0129559823813
197,4.0,7.0,437.4770858394263,1962.423645482149
198,5.0,7.0,535.0458022991281,1961.2775079101673
199,6.0,7.0,413.0105583719637,1095.982733402977
200,7.0,7.0,662.6440039821064,999999.0
201,8.0,7.0,442.2951893713481,1737.2811076312614
202,9.0,7.0,319.32048452522264,1435.8007984297124
203,10.0,7.0,355.3383034603929,1615.9163099754464
204,11.0,7.0,318.9839522715507,862.2027585098357
205,12.0,7.0,395.4182885246313,834.2255730479889
206,13.0,7.0,313.89238555480955,1785.3711125838477
207,14.0,7.0,392.58085038257445,2108.7032246681893
208,15.0,7.0,288.36336524615416,862.2233407448831
209,16.0,7.0,341.79509973665733,692.7592826656265
210,17.0,7.0,300.91402439378095,1892.119104734116
211,18.0,7.0,399.7135744360461,1436.5101937974814
212,19.0,7.0,475.39469357995773,1287.437656418542
213,20.0,7.0,546.2649777634432,2015.2415091460998
214,21.0,7.0,220.93008074440237,651.000986624864
215,22.0,7.0,365.1654102143963,1731.960332328167
216,23.0,7.0,497.68818056764496,2131.5731265868008
217,24.0,7.0,591.5681086478658,2160.5463330659227
218,25.0,7.0,532.098292099523,2354.2750912934
219,26.0,7.0,566.7246006731675,2032.2869448814138
220,27.0,7.0,532.2253388291288,1897.4557138380662
221,28.0,7.0,567.5776257433384,1749.7960579004687
222,29.0,7.0,533.5055274156223,999999.0
223,30.0,7.0,405.06717269035875,2414.197138897579
224,31.0,7.0,377.7560472183604,2586.109765290544
225,32.0,7.0,359.0602051719382,2442.724230923236
226,1.0,8.0,311.7642029440775,967.8086310499175
227,2.0,8.0,394.2645856044788,1582.3588284493107
228,3.0,8.0,587.2120680032224,2880.0129559823813
229,4.0,8.0,224.40500171201367,805.4236454821488
230,5.0,8.0,512.3864368223186,1998.2775079101673
231,6.0,8.0,546.948249488951,2574.982733402977
232,7.0,8.0,578.7573631344867,999999.0
233,8.0,8.0,371.5406189978536,2104.2811076312614
234,9.0,8.0,296.66111904841307,1783.8007984297124
235,10.0,8.0,332.6789379835834,1963.9163099754464
236,11.0,8.0,296.32458679474115,899.2027585098357
237,12.0,8.0,372.7589230478217,871.2255730479889
238,13.0,8.0,291.23302007800004,1517.3711125838477
239,14.0,8.0,369.9214849057648,1834.703224668189
240,15.0,8.0,265.7039997693446,899.2233407448831
241,16.0,8.0,257.90845888903766,729.7592826656265
242,17.0,8.0,278.25465891697144,1624.119104734116
243,18.0,8.0,377.0542089592366,1473.5101937974814
244,19.0,8.0,449.0491474642749,1324.437656418542
245,20.0,8.0,469.5057359224837,2052.2415091461
246,21.0,8.0,273.82670115407154,1335.000986624864
247,22.0,8.0,131.67795309073088,574.9603323281669
248,23.0,8.0,475.02881509083545,2168.5731265868008
249,24.0,8.0,568.9087431710562,2197.5463330659227
250,25.0,8.0,509.4389266227135,2391.2750912934
251,26.0,8.0,544.0652351963581,2069.2869448814135
252,27.0,8.0,509.56597335231936,1934.4557138380662
253,28.0,8.0,544.9182602665289,1786.7960579004687
254,29.0,8.0,510.84616193881277,999999.0
255,30.0,8.0,382.4078072135492,2451.197138897579
256,31.0,8.0,355.0966817415508,2623.109765290544
257,32.0,8.0,336.40083969512864,2479.724230923236
258,1.0,9.0,374.0802722166102,2557.8086310499175
259,2.0,9.0,379.16662552943376,2436.3588284493107
260,3.0,9.0,649.528137275755,3531.0129559823813
261,4.0,9.0,338.4924849167616,3213.423645482149
262,5.0,9.0,551.0768013518693,2852.2775079101675
263,6.0,9.0,609.2643187614838,2922.982733402977
264,7.0,9.0,343.5940481414522,999999.0
265,8.0,9.0,356.44265892280856,2628.2811076312614
266,9.0,9.0,358.9771883209458,2326.8007984297124
267,10.0,9.0,394.9950072561161,2506.9163099754464
268,11.0,9.0,358.6406560672738,1753.2027585098358
269,12.0,9.0,435.07499232035445,1725.2255730479887
270,13.0,9.0,353.5490893505327,2676.3711125838477
271,14.0,9.0,365.05863668766335,2688.7032246681893
272,15.0,9.0,289.11077641222647,1753.223340744883
273,16.0,9.0,320.2245281615704,2407.7592826656264
274,17.0,9.0,340.5707281895041,2783.119104734116
275,18.0,9.0,415.7445734887873,2327.5101937974814
276,19.0,9.0,433.95118738922986,2178.437656418542
277,20.0,9.0,416.3778974063332,2906.2415091461
278,21.0,9.0,348.4906062306377,2080.0009866248643
279,22.0,9.0,343.5948386393093,2982.9603323281667
280,23.0,9.0,537.3448843633681,3022.5731265868008
281,24.0,9.0,607.599107700607,3051.5463330659227
282,25.0,9.0,548.1292911522643,3245.2750912934
283,26.0,9.0,582.7555997259088,2923.2869448814135
284,27.0,9.0,548.2563378818701,2788.455713838066
285,28.0,9.0,583.6086247960798,2640.7960579004684
286,29.0,9.0,573.1622312113454,999999.0
287,30.0,9.0,444.7238764860819,3102.197138897579
288,31.0,9.0,417.41275101408354,3661.109765290544
289,32.0,9.0,398.71690896766137,3517.724230923236
290,1.0,10.0,412.9909810528379,1441.8086310499175
291,2.0,10.0,269.49206856362866,1793.3588284493107
292,3.0,10.0,561.2864113147027,2927.0129559823813
293,4.0,10.0,382.0403115243798,1910.423645482149
294,5.0,10.0,441.40224438606424,2209.2775079101675
295,6.0,10.0,648.1750275977115,1806.982733402977
296,7.0,10.0,575.9947093360233,999999.0
297,8.0,10.0,246.7681019570035,1807.2811076312614
298,9.0,10.0,266.30249195411034,1210.8007984297124
299,10.0,10.0,329.4259995177563,1390.9163099754464
300,11.0,10.0,286.1901287762109,637.2027585098357
301,12.0,10.0,369.5059845819947,609.2255730479889
302,13.0,10.0,265.3073633894805,1560.3711125838477
303,14.0,10.0,255.3840797218583,1572.703224668189
304,15.0,10.0,210.58175754520562,637.2233407448831
305,16.0,10.0,363.7723547691885,1291.7592826656264
306,17.0,10.0,270.5874875432484,1667.119104734116
307,18.0,10.0,306.0700165229822,1684.5101937974814
308,19.0,10.0,324.2766304234247,1535.437656418542
309,20.0,10.0,273.0490972482329,2263.2415091461
310,21.0,10.0,392.03843283825586,964.000986624864
311,22.0,10.0,387.14266524692744,1679.960332328167
312,23.0,10.0,434.44622864032794,2379.5731265868008
313,24.0,10.0,497.9245507348018,2408.5463330659227
314,25.0,10.0,438.4547341864591,2602.2750912934
315,26.0,10.0,473.08104276010374,2280.2869448814135
316,27.0,10.0,438.581780916065,2145.455713838066
317,28.0,10.0,473.9340678302746,1997.7960579004687
318,29.0,10.0,522.9448079990649,999999.0
319,30.0,10.0,410.5635593976657,2498.197138897579
320,31.0,10.0,383.25243392566733,2545.109765290544
321,32.0,10.0,364.55659187924516,2401.724230923236
322,1.0,11.0,440.7186361594256,2750.8086310499175
323,2.0,11.0,373.7144650605169,2629.3588284493107
324,3.0,11.0,665.5088078115909,3724.0129559823813
325,4.0,11.0,405.13084885957704,3406.423645482149
326,5.0,11.0,545.6246408829525,3045.2775079101675
327,6.0,11.0,675.9026827042992,3115.982733402977
328,7.0,11.0,630.297767002257,999999.0
329,8.0,11.0,350.99049845389175,2821.2811076312614
330,9.0,11.0,370.52488845099856,2519.8007984297124
331,10.0,11.0,433.6483960146445,2699.9163099754464
332,11.0,11.0,390.4125252730991,1946.2027585098358
333,12.0,11.0,473.72838107888293,1918.2255730479887
334,13.0,11.0,369.5297598863687,2869.3711125838477
335,14.0,11.0,359.60647621874654,2881.7032246681893
336,15.0,11.0,314.80415404209384,1946.223340744883
337,16.0,11.0,386.86289210438576,2600.7592826656264
338,17.0,11.0,374.80988404013664,2976.119104734116
339,18.0,11.0,410.2924130198704,2520.5101937974814
340,19.0,11.0,428.49902692031293,2371.437656418542
341,20.0,11.0,377.2714937451212,3099.2415091461
342,21.0,11.0,415.12897017345307,2273.0009866248643
343,22.0,11.0,410.23320258212465,3175.9603323281667
344,23.0,11.0,538.6686251372162,3215.5731265868008
345,24.0,11.0,602.1469472316901,3244.5463330659227
346,25.0,11.0,542.6771306833473,3438.2750912934
347,26.0,11.0,577.303439256992,3116.2869448814135
348,27.0,11.0,542.8041774129532,2981.455713838066
349,28.0,11.0,578.1564643271629,2833.7960579004684
350,29.0,11.0,627.1672044959532,999999.0
351,30.0,11.0,511.3622404288973,3295.197138897579
352,31.0,11.0,484.0511149568989,3854.109765290544
353,32.0,11.0,465.35527291047674,3710.724230923236
354,1.0,12.0,501.4878533184707,1730.8086310499175
355,2.0,12.0,346.55895122136803,1609.3588284493107
356,3.0,12.0,649.7832835803355,2704.0129559823813
357,4.0,12.0,470.53718379001253,2386.423645482149
358,5.0,12.0,469.85301119584557,2025.2775079101673
359,6.0,12.0,736.6718998633443,2095.982733402977
360,7.0,12.0,664.4915816016561,999999.0
361,8.0,12.0,335.2649742226363,1801.2811076312614
362,9.0,12.0,354.79936421974315,1499.8007984297124
363,10.0,12.0,417.92287178338916,1679.9163099754464
364,11.0,12.0,374.6870010418437,926.2027585098357
365,12.0,12.0,458.00285684762747,898.2255730479889
366,13.0,12.0,353.8042356551133,1849.3711125838477
367,14.0,12.0,343.88095198749113,1861.703224668189
368,15.0,12.0,299.07862981083844,926.2233407448831
369,16.0,12.0,452.26922703482137,1580.7592826656264
370,17.0,12.0,359.08435980888123,1956.119104734116
371,18.0,12.0,362.14530789987964,1500.5101937974814
372,19.0,12.0,289.1749502644343,1351.437656418542
373,20.0,12.0,231.51318560054872,2079.2415091461
374,21.0,12.0,480.5353051038886,1253.000986624864
375,22.0,12.0,475.6395375125602,2155.9603323281667
376,23.0,12.0,490.77130595683093,2195.5731265868008
377,24.0,12.0,547.8215937027563,2224.5463330659227
378,25.0,12.0,488.3517771544136,2418.2750912934
379,26.0,12.0,448.66223064675387,2096.2869448814135
380,27.0,12.0,400.21248691378344,1961.4557138380662
381,28.0,12.0,430.2486086186655,1813.7960579004687
382,29.0,12.0,579.2698853155678,999999.0
383,30.0,12.0,499.06043166329846,2275.197138897579
384,31.0,12.0,471.7493061913001,2834.109765290544
385,32.0,12.0,453.0534641448779,2690.724230923236
386,1.0,13.0,495.84697475793894,1548.8086310499175
387,2.0,13.0,340.9180726608363,1427.3588284493107
388,3.0,13.0,644.1424050198037,2522.0129559823813
389,4.0,13.0,461.4918935907163,2204.423645482149
390,5.0,13.0,464.2121326353138,1843.2775079101673
391,6.0,13.0,731.0310213028125,1913.982733402977
392,7.0,13.0,658.8507030411243,999999.0
393,8.0,13.0,329.62409566210454,1619.2811076312614
394,9.0,13.0,349.1584856592114,1317.8007984297124
395,10.0,13.0,412.2819932228574,1497.9163099754464
396,11.0,13.0,369.04612248131195,744.2027585098357
397,12.0,13.0,452.3619782870957,716.2255730479889
398,13.0,13.0,348.16335709458156,1667.3711125838477
399,14.0,13.0,338.2400734269593,1679.703224668189
400,15.0,13.0,293.43775125030663,744.2233407448831
401,16.0,13.0,443.2239368355251,1398.7592826656264
402,17.0,13.0,353.4434812483495,1774.119104734116
403,18.0,13.0,356.5044293393479,1318.5101937974814
404,19.0,13.0,283.5340717039025,1169.437656418542
405,20.0,13.0,225.87230704001698,1897.2415091460998
406,21.0,13.0,471.4900149045924,1071.000986624864
407,22.0,13.0,466.59424731326396,1973.960332328167
408,23.0,13.0,485.1304273962992,2013.5731265868008
409,24.0,13.0,542.1807151422246,2042.5463330659227
410,25.0,13.0,482.71089859388184,2236.2750912934
411,26.0,13.0,443.0213520862221,1914.2869448814138
412,27.0,13.0,394.5716083532517,1779.4557138380662
413,28.0,13.0,424.60773005813377,1631.7960579004687
414,29.0,13.0,573.629006755036,999999.0
415,30.0,13.0,493.4195531027667,2093.197138897579
416,31.0,13.0,466.10842763076835,2652.109765290544
417,32.0,13.0,447.4125855843462,2508.724230923236
418,1.0,14.0,556.731866204153,2173.8086310499175
419,2.0,14.0,241.34590423579124,1623.3588284493107
420,3.0,14.0,542.6514029174234,3009.0129559823813
421,4.0,14.0,525.7811966756949,2515.423645482149
422,5.0,14.0,364.6399642102687,1860.2775079101673
423,6.0,14.0,791.9159127490266,3567.982733402977
424,7.0,14.0,719.7355944873384,999999.0
425,8.0,14.0,289.9959951957835,1928.2811076312614
426,9.0,14.0,360.91686168866505,1642.8007984297124
427,10.0,14.0,424.04036925231105,1822.9163099754464
428,11.0,14.0,429.931013927526,2272.202758509836
429,12.0,14.0,464.1203543165494,2244.2255730479887
430,13.0,14.0,356.9094782307181,2182.3711125838477
431,14.0,14.0,346.9861945630959,1712.703224668189
432,15.0,14.0,354.32264269652075,2272.223340744883
433,16.0,14.0,507.5132399205037,2111.7592826656264
434,17.0,14.0,362.18960238448597,2289.119104734116
435,18.0,14.0,256.9322609143029,1514.5101937974814
436,19.0,14.0,183.96190327885742,1365.437656418542
437,20.0,14.0,126.30013861497193,1663.2415091460998
438,21.0,14.0,535.7793179895709,2923.0009866248643
439,22.0,14.0,530.8835503982425,2284.9603323281667
440,23.0,14.0,385.5582589712542,2018.5731265868008
441,24.0,14.0,442.6085467171795,2059.5463330659227
442,25.0,14.0,383.1387301688368,2253.2750912934
443,26.0,14.0,343.449183661177,1931.2869448814138
444,27.0,14.0,294.9994399282066,1796.4557138380662
445,28.0,14.0,325.0355616330887,1648.7960579004687
446,29.0,14.0,474.056838329991,999999.0
447,30.0,14.0,502.16567423890336,2580.197138897579
448,31.0,14.0,474.854548766905,2619.109765290544
449,32.0,14.0,456.15870672048277,2475.724230923236
450,1.0,15.0,238.25075446124634,731.8086310499175
451,2.0,15.0,362.9890869886228,1649.3588284493107
452,3.0,15.0,524.9675157247995,3053.0129559823813
453,4.0,15.0,320.07306477880627,1200.423645482149
454,5.0,15.0,450.14188454389574,2065.2775079101675
455,6.0,15.0,419.116327285548,1294.982733402977
456,7.0,15.0,545.2399829214863,999999.0
457,8.0,15.0,338.0232387848532,1538.2811076312614
458,9.0,15.0,234.41656676999028,1236.8007984297124
459,10.0,15.0,270.4343857051606,1416.9163099754464
460,11.0,15.0,234.08003451631834,663.2027585098357
461,12.0,15.0,310.5143707693989,635.2255730479889
462,13.0,15.0,228.98846779957722,1586.3711125838477
463,14.0,15.0,307.67693262734207,1909.703224668189
464,15.0,15.0,203.45944749092183,663.2233407448831
465,16.0,15.0,224.39107867603732,493.75928266562653
466,17.0,15.0,216.0101066385486,1693.119104734116
467,18.0,15.0,314.80965668081365,1540.5101937974814
468,19.0,15.0,390.49077582472535,1391.437656418542
469,20.0,15.0,435.98835570948336,2119.2415091461
470,21.0,15.0,117.07604090524698,452.0009866248641
471,22.0,15.0,235.41355334974278,969.9603323281669
472,23.0,15.0,412.7842628124125,2235.5731265868008
473,24.0,15.0,506.6641908926333,2264.5463330659227
474,25.0,15.0,447.1943743442906,2458.2750912934
475,26.0,15.0,481.8206829179352,2136.2869448814135
476,27.0,15.0,447.32142107389643,2001.4557138380662
477,28.0,15.0,482.673707988106,1853.7960579004687
478,29.0,15.0,448.6016096603899,999999.0
479,30.0,15.0,320.16325493512636,2624.197138897579
480,31.0,15.0,292.852129463128,2387.109765290544
481,32.0,15.0,274.1562874167058,2243.724230923236
482,1.0,16.0,439.50353293071703,2713.8086310499175
483,2.0,16.0,397.6998527916424,2472.3588284493107
484,3.0,16.0,559.6782815278191,1430.0129559823815
485,4.0,16.0,542.5570503492562,3055.423645482149
486,5.0,16.0,484.8526503469153,2888.2775079101675
487,6.0,16.0,674.6875794755906,3542.982733402977
488,7.0,16.0,767.7239684919364,999999.0
489,8.0,16.0,392.1020374191353,2468.2811076312614
490,9.0,16.0,286.4843044392874,1514.8007984297124
491,10.0,16.0,322.5021233744577,1694.9163099754464
492,11.0,16.0,365.91487399643546,2812.202758509836
493,12.0,16.0,362.5821084386961,2784.2255730479887
494,13.0,16.0,263.6992336025968,920.3711125838477
495,14.0,16.0,342.3876984303617,1516.703224668189
496,15.0,16.0,393.4433297559841,2812.223340744883
497,16.0,16.0,446.8750642464873,2651.7592826656264
498,17.0,16.0,250.7208724415682,1027.119104734116
499,18.0,16.0,349.5204224838333,2363.5101937974814
500,19.0,16.0,425.2015416277449,2214.437656418542
501,20.0,16.0,509.13701928056526,2942.2415091461
502,21.0,16.0,449.220334769305,3463.0009866248643
503,22.0,16.0,470.24537472422617,2824.9603323281667
504,23.0,16.0,447.49502861543215,1487.5731265868008
505,24.0,16.0,541.3749566956529,3087.5463330659227
506,25.0,16.0,481.9051401473102,3281.2750912934
507,26.0,16.0,516.5314487209548,2959.2869448814135
508,27.0,16.0,482.03218687691606,2824.455713838066
509,28.0,16.0,517.3844737911257,2676.7960579004684
510,29.0,16.0,453.88444719657645,999999.0
511,30.0,16.0,167.67665702485908,1001.1971388975788
512,31.0,16.0,138.37183449358992,1105.109765290544
513,32.0,16.0,272.8564123501211,961.724230923236
514,1.0,17.0,470.6569592930016,2614.8086310499175
515,2.0,17.0,226.85698309080283,1854.3588284493107
516,3.0,17.0,528.162481772435,2638.0129559823813
517,4.0,17.0,439.70628976454344,2714.423645482149
518,5.0,17.0,350.15104306528036,2091.2775079101675
519,6.0,17.0,705.8410058378752,2979.982733402977
520,7.0,17.0,633.660687576187,999999.0
521,8.0,17.0,275.50707405079515,2159.2811076312614
522,9.0,17.0,323.968470194274,1873.8007984297124
523,10.0,17.0,387.09197775792006,2053.9163099754464
524,11.0,17.0,343.85610701637455,1810.2027585098358
525,12.0,17.0,427.1719628221584,1782.2255730479887
526,13.0,17.0,322.97334162964415,2413.3711125838477
527,14.0,17.0,313.050057962022,1943.703224668189
528,15.0,17.0,268.2477357853693,1810.223340744883
529,16.0,17.0,421.4383330093522,2464.7592826656264
530,17.0,17.0,328.2534657834121,2520.119104734116
531,18.0,17.0,242.44333976931446,1745.5101937974814
532,19.0,17.0,169.47298213386898,1596.437656418542
533,20.0,17.0,111.8112174699835,1894.2415091460998
534,21.0,17.0,449.7044110784195,2137.0009866248643
535,22.0,17.0,444.8086434870911,2483.9603323281667
536,23.0,17.0,371.0693378262657,2249.5731265868008
537,24.0,17.0,428.11962557219107,2290.5463330659227
538,25.0,17.0,368.6498090238484,2484.2750912934
539,26.0,17.0,328.96026251618855,2162.2869448814135
540,27.0,17.0,280.5105187832182,2027.4557138380662
541,28.0,17.0,310.5466404881003,1879.7960579004687
542,29.0,17.0,459.5679171850026,999999.0
543,30.0,17.0,468.22953763782937,2209.197138897579
544,31.0,17.0,440.918412165831,3308.109765290544
545,32.0,17.0,422.22257011940883,3164.724230923236
546,1.0,18.0,481.2484690787474,2112.8086310499175
547,2.0,18.0,280.91548290522485,1730.3588284493107
548,3.0,18.0,348.5567926239779,2218.0129559823813
549,4.0,18.0,574.7600570365587,2454.423645482149
550,5.0,18.0,218.07407904079287,1222.2775079101673
551,6.0,18.0,716.4325156236209,3380.982733402977
552,7.0,18.0,768.7144548482022,999999.0
553,8.0,18.0,329.8390868283035,1867.2811076312614
554,9.0,18.0,297.0764825874419,1565.8007984297124
555,10.0,18.0,333.0943015226122,1745.9163099754464
556,11.0,18.0,376.50705214458986,2211.202758509836
557,12.0,18.0,373.17428658685054,2183.2255730479887
558,13.0,18.0,251.3627608779912,1640.3711125838477
559,14.0,18.0,284.9926899580213,1546.703224668189
560,15.0,18.0,403.30150305738465,2211.223340744883
561,16.0,18.0,488.62000039451766,2050.7592826656264
562,17.0,18.0,256.6428850317591,1747.119104734116
563,18.0,18.0,232.73605259741575,1621.5101937974814
564,19.0,18.0,223.8049949113774,1472.437656418542
565,20.0,18.0,291.9413973290441,1602.2415091460998
566,21.0,18.0,490.9652709173354,2862.0009866248643
567,22.0,18.0,511.99031087225654,2223.9603323281667
568,23.0,18.0,205.77693252437805,1884.5731265868008
569,24.0,18.0,156.9849725866676,1421.5463330659227
570,25.0,18.0,215.12656884118775,1828.2750912933998
571,26.0,18.0,249.7528774148324,1506.2869448814138
572,27.0,18.0,215.25361557079358,1371.4557138380662
573,28.0,18.0,291.02744155109275,1223.7960579004687
574,29.0,18.0,138.82559260878512,999999.0
575,30.0,18.0,396.61895688617636,1789.197138897579
576,31.0,18.0,369.307831414178,1828.109765290544
577,32.0,18.0,350.6119893677558,1684.724230923236
578,1.0,19.0,417.1065465346689,2365.8086310499175
579,2.0,19.0,375.30286639559426,2184.3588284493107
580,3.0,19.0,537.281295131771,563.0129559823815
581,4.0,19.0,520.1600639532081,2707.423645482149
582,5.0,19.0,462.45566395086723,2375.2775079101675
583,6.0,19.0,652.2905930795425,3282.982733402977
584,7.0,19.0,745.3269820958883,999999.0
585,8.0,19.0,369.7050510230872,2496.2811076312614
586,9.0,19.0,264.08731804323935,1072.8007984297124
587,10.0,19.0,300.10513697840963,1252.9163099754464
588,11.0,19.0,343.5178876003873,1890.2027585098358
589,12.0,19.0,340.185122042648,1862.2255730479887
590,13.0,19.0,241.3022472065487,478.3711125838477
591,14.0,19.0,319.99071203431356,1074.703224668189
592,15.0,19.0,371.046343359936,1890.223340744883
593,16.0,19.0,424.47807785043915,2686.7592826656264
594,17.0,19.0,228.32388604552008,585.119104734116
595,18.0,19.0,327.1234360877852,2075.5101937974814
596,19.0,19.0,402.80455523169684,1926.437656418542
597,20.0,19.0,486.7400328845172,2654.2415091461
598,21.0,19.0,426.8233483732569,2440.0009866248643
599,22.0,19.0,447.8483883281781,2476.9603323281667
600,23.0,19.0,425.09804221938407,1045.5731265868008
601,24.0,19.0,512.6711778342006,2574.5463330659227
602,25.0,19.0,459.5081537512621,3304.2750912934
603,26.0,19.0,494.13446232490674,2739.2869448814135
604,27.0,19.0,459.635200480868,2604.455713838066
605,28.0,19.0,494.9874873950776,2456.7960579004684
606,29.0,19.0,336.2883762286247,999999.0
607,30.0,19.0,181.54613100315515,672.1971388975788
608,31.0,19.0,219.23434833222885,1128.109765290544
609,32.0,19.0,250.45942595407303,984.724230923236
610,1.0,20.0,524.8652273215234,434.80863104991755
611,2.0,20.0,457.8610562226147,425.3588284493107
612,3.0,20.0,749.6553989736885,443.01295598238147
613,4.0,20.0,489.27744002167486,524.4236454821488
614,5.0,20.0,629.7712320450502,398.27750791016734
615,6.0,20.0,760.049273866397,975.9827334029769
616,7.0,20.0,714.4443581643549,999999.0
617,8.0,20.0,435.13708961598957,450.2811076312614
618,9.0,20.0,454.6714796130964,262.80079842971236
619,10.0,20.0,517.7949871767423,442.91630997544655
620,11.0,20.0,474.5591164351969,274.2027585098357
621,12.0,20.0,557.8749722409807,246.22557304798886
622,13.0,20.0,453.67635104846653,86.37111258384772
623,14.0,20.0,443.75306738084436,295.703224668189
624,15.0,20.0,398.95074520419166,274.2233407448831
625,16.0,20.0,471.0094832664836,284.75928266562653
626,17.0,20.0,458.95647520223446,193.119104734116
627,18.0,20.0,494.43900418196824,316.51019379748146
628,19.0,20.0,512.6456180824107,167.43765641854193
629,20.0,20.0,461.418084907219,596.2415091460997
630,21.0,20.0,499.2755613355509,332.0009866248641
631,22.0,20.0,494.37979374422247,293.9603323281669
632,23.0,20.0,622.815216299314,521.5731265868009
633,24.0,20.0,686.2935383937878,597.5463330659227
634,25.0,20.0,626.8237218454451,721.2750912933998
635,26.0,20.0,661.4500304190896,480.2869448814138
636,27.0,20.0,626.9507685750508,345.45571383806623
637,28.0,20.0,662.3030554892605,197.79605790046864
638,29.0,20.0,711.3137956580508,999999.0
639,30.0,20.0,595.5088315909952,283.19713889757884
640,31.0,20.0,568.1977061189968,411.109765290544
641,32.0,20.0,549.5018640725746,267.72423092323595
642,1.0,21.0,308.6463538437238,1512.8086310499175
643,2.0,21.0,313.7327071565473,2127.3588284493107
644,3.0,21.0,584.0942189028685,3425.0129559823813
645,4.0,21.0,156.6623876813211,1350.423645482149
646,5.0,21.0,485.642882978983,2543.2775079101675
647,6.0,21.0,543.8304003885974,2373.982733402977
648,7.0,21.0,479.5087503696543,999999.0
649,8.0,21.0,291.0087405499221,2439.2811076312614
650,9.0,21.0,293.54326994805933,2137.8007984297124
651,10.0,21.0,329.5610888832297,2317.9163099754464
652,11.0,21.0,293.20673769438736,1444.2027585098358
653,12.0,21.0,369.641073947468,1416.2255730479887
654,13.0,21.0,288.1151709776463,2062.3711125838477
655,14.0,21.0,299.62471831477694,2379.7032246681893
656,15.0,21.0,223.67685803934,1444.223340744883
657,16.0,21.0,254.79060978868392,1394.7592826656264
658,17.0,21.0,275.13680981661764,2169.119104734116
659,18.0,21.0,350.3106551159009,2018.5101937974814
660,19.0,21.0,368.5172690163434,1869.437656418542
661,20.0,21.0,388.97385747455223,2597.2415091461
662,21.0,21.0,283.0566878577512,1531.000986624864
663,22.0,21.0,174.67795309073088,1119.960332328167
664,23.0,21.0,471.9109659904816,2713.5731265868008
665,24.0,21.0,542.1651893277206,2742.5463330659227
666,25.0,21.0,482.69537277937786,2936.2750912934
667,26.0,21.0,517.3216813530224,2614.2869448814135
668,27.0,21.0,482.82241950898367,2479.455713838066
669,28.0,21.0,518.1747064231934,2331.7960579004684
670,29.0,21.0,507.728312838459,999999.0
671,30.0,21.0,379.28995811319544,2996.197138897579
672,31.0,21.0,351.9788326411971,3168.109765290544
673,32.0,21.0,333.2829905947749,3024.724230923236
674,1.0,22.0,291.18544523943484,1736.8086310499175
675,2.0,22.0,266.7387369666378,1617.3588284493107
676,3.0,22.0,428.71716570281444,921.0129559823815
677,4.0,22.0,394.23896265797407,2078.423645482149
678,5.0,22.0,353.8915345219107,2033.2775079101673
679,6.0,22.0,526.3694917843084,2653.982733402977
680,7.0,22.0,619.4058808006541,999999.0
681,8.0,22.0,261.1409215941307,1578.2811076312614
682,9.0,22.0,138.16621674800527,940.8007984297124
683,10.0,22.0,174.18403568317555,1120.9163099754464
684,11.0,22.0,217.59678630515324,1765.2027585098358
685,12.0,22.0,214.2640207474139,1737.2255730479887
686,13.0,22.0,132.73811777759224,346.3711125838477
687,14.0,22.0,211.42658260535705,942.703224668189
688,15.0,22.0,245.12524206470192,1765.223340744883
689,16.0,22.0,298.5569765552051,1674.7592826656264
690,17.0,22.0,119.7597566165636,453.11910473411604
691,18.0,22.0,218.55930665882866,1508.5101937974814
692,19.0,22.0,294.24042580274033,1359.437656418542
693,20.0,22.0,378.1759034555606,2087.2415091461
694,21.0,22.0,300.9022470780228,1811.000986624864
695,22.0,22.0,321.927287032944,1847.960332328167
696,23.0,22.0,316.5339127904275,913.5731265868009
697,24.0,22.0,410.4138408706483,2232.5463330659227
698,25.0,22.0,350.9440243223056,2426.2750912934
699,26.0,22.0,385.5703328959502,2104.2869448814135
700,27.0,22.0,351.0710710519114,1969.4557138380662
701,28.0,22.0,386.42335796612105,1821.7960579004687
702,29.0,22.0,352.35125963840494,999999.0
703,30.0,22.0,158.45340723642985,492.19713889757884
704,31.0,22.0,94.0713819920388,531.1097652905439
705,32.0,22.0,154.15150575291554,387.72423092323595
706,1.0,23.0,362.673767710578,815.8086310499175
707,2.0,23.0,130.59434152640637,758.3588284493107
708,3.0,23.0,428.7671074350439,1427.0129559823815
709,4.0,23.0,340.61538589626787,1157.423645482149
710,5.0,23.0,308.8829405064054,1174.2775079101673
711,6.0,23.0,597.8578142554514,2127.982733402977
712,7.0,23.0,534.5697837079113,999999.0
713,8.0,23.0,107.8703749197812,570.2811076312614
714,9.0,23.0,104.237544084557,382.80079842971236
715,10.0,23.0,167.36105164820302,562.9163099754466
716,11.0,23.0,146.7596650251885,958.2027585098357
717,12.0,23.0,207.44103671244136,930.2255730479889
718,13.0,23.0,132.78805950982172,593.3711125838477
719,14.0,23.0,123.65493795937984,415.703224668189
720,15.0,23.0,169.15683191709363,958.2233407448831
721,16.0,23.0,322.34742914107653,753.7592826656265
722,17.0,23.0,138.0681836635896,700.119104734116
723,18.0,23.0,167.43675036774727,649.5101937974814
724,19.0,23.0,185.3789033862024,500.4376564185419
725,20.0,23.0,269.3143810390227,1228.2415091460998
726,21.0,23.0,350.6135072101439,1285.000986624864
727,22.0,23.0,345.7177396188155,926.9603323281669
728,23.0,23.0,301.9269247606692,1344.5731265868008
729,24.0,23.0,365.40524685514305,1373.5463330659227
730,25.0,23.0,305.9354303068003,1567.2750912933998
731,26.0,23.0,340.561738880445,1245.2869448814138
732,27.0,23.0,306.0624770364061,1110.4557138380662
733,28.0,23.0,334.8702291047219,962.7960579004687
734,29.0,23.0,390.42550411940607,999999.0
735,30.0,23.0,278.04425551800693,998.1971388975788
736,31.0,23.0,250.73313004600854,1037.109765290544
737,32.0,23.0,232.03728799958634,893.724230923236
738,1.0,24.0,309.3713096516574,1341.8086310499175
739,2.0,24.0,226.14233077627833,1022.3588284493107
740,3.0,24.0,388.120759512455,1061.0129559823815
741,4.0,24.0,414.01347307534894,1483.423645482149
742,5.0,24.0,313.29512833155127,1438.2775079101673
743,6.0,24.0,546.1440022016834,2217.982733402977
744,7.0,24.0,611.6551146207585,999999.0
745,8.0,24.0,211.8355783883847,896.2811076312614
746,9.0,24.0,51.80012249953375,610.8007984297124
747,10.0,24.0,70.9886103952542,790.9163099754466
748,11.0,24.0,114.40136101723189,1048.2027585098358
749,12.0,24.0,111.06859545949254,1020.2255730479889
750,13.0,24.0,92.14171158723279,206.37111258384772
751,14.0,24.0,170.83017641499762,713.703224668189
752,15.0,24.0,207.23827366433932,1048.223340744883
753,16.0,24.0,318.33148697258,1079.7592826656264
754,17.0,24.0,97.42183574100068,313.11910473411604
755,18.0,24.0,177.9629004684692,913.5101937974814
756,19.0,24.0,253.64401961238084,764.4376564185419
757,20.0,24.0,337.57949726520116,1492.2415091460998
758,21.0,24.0,320.67675749539774,1375.000986624864
759,22.0,24.0,341.70179745031896,1252.960332328167
760,23.0,24.0,275.9375066000681,773.5731265868009
761,24.0,24.0,369.81743468028884,1637.5463330659227
762,25.0,24.0,310.34761813194615,1831.2750912933998
763,26.0,24.0,344.97392670559077,1509.2869448814138
764,27.0,24.0,310.474664861552,1374.4557138380662
765,28.0,24.0,345.8269517757616,1226.7960579004687
766,29.0,24.0,368.9879019098736,999999.0
767,30.0,24.0,237.39790759541796,632.1971388975788
768,31.0,24.0,210.0867821234196,671.1097652905439
769,32.0,24.0,191.39094007699742,527.724230923236
